{
	"object_list": [
		{
			"frame_count": 998813,
			"objects": [
				{
					"classification": "PERSON",
					"classification_confidence": 0.944233238697052,
					"creation_ts": 1701174621516041,
					"dimensions": {
						"height": 0.34089624881744387,
						"length": 0.575372576713562,
						"width": 0.3817119598388672
					},
					"distance_to_primary_sensor": 3.2963480949401857,
					"frame_count": 341,
					"heading": 11,
					"id": 11,
					"initial_position": {
						"x": 11,
						"y": 11,
						"z": 11
					},
					"num_failed_returns": 0,
					"num_points": 111,
					"num_points_from_primary_sensor": 41,
					"orientation": {
						"qw": 11,
						"qx": 11,
						"qy": 11,
						"qz": 11
					},
					"position": {
						"x": 11,
						"y": 11,
						"z": 11
					},
					"position_uncertainty": {
						"x": 0.008729833462425042,
						"y": 0.008729833462425042,
						"z": 0.03328978382980633
					},
					"primary_sensor": "122312000251",
					"update_ts": 1701174658528965,
					"uuid": "my-uuid-11",
					"velocity": {
						"x": 11,
						"y": 11,
						"z": 11
					},
					"velocity_uncertainty": {
						"x": 0.7745966704355296,
						"y": 0.7745966704355296,
						"z": 0.8143665789886132
					}
				},
				{
					"classification": "PERSON",
					"classification_confidence": 0.944233238697052,
					"creation_ts": 1701174621516041,
					"dimensions": {
						"height": 0.34089624881744387,
						"length": 0.575372576713562,
						"width": 0.3817119598388672
					},
					"distance_to_primary_sensor": 3.2963480949401857,
					"frame_count": 222,
					"heading": 12,
					"id": 12,
					"initial_position": {
						"x": 202,
						"y": 202,
						"z": 202
					},
					"num_failed_returns": 0,
					"num_points": 57,
					"num_points_from_primary_sensor": 41,
					"orientation": {
						"qw": 12,
						"qx": 12,
						"qy": 12,
						"qz": 12
					},
					"position": {
						"x": 12,
						"y": 12,
						"z": 12
					},
					"position_uncertainty": {
						"x": 0.008729833462425042,
						"y": 0.008729833462425042,
						"z": 0.03328978382980633
					},
					"primary_sensor": "122312000251",
					"update_ts": 1701174658528965,
					"uuid": "my-uuid-12",
					"velocity": {
						"x": 12,
						"y": 12,
						"z": 12
					},
					"velocity_uncertainty": {
						"x": 0.7745966704355296,
						"y": 0.7745966704355296,
						"z": 0.8143665789886132
					}
				},
				{
					"classification": "PERSON",
					"classification_confidence": 0.944233238697052,
					"creation_ts": 1701174621516041,
					"dimensions": {
						"height": 0.34089624881744387,
						"length": 0.575372576713562,
						"width": 0.3817119598388672
					},
					"distance_to_primary_sensor": 3.2963480949401857,
					"frame_count": 333,
					"heading": -37.560306549072269,
					"id": 13,
					"initial_position": {
						"x": 13,
						"y": 13,
						"z": 13
					},
					"num_failed_returns": 0,
					"num_points": 57,
					"num_points_from_primary_sensor": 41,
					"orientation": {
						"qw": 13,
						"qx": 13,
						"qy": 13,
						"qz": 13
					},
					"position": {
						"x": 13,
						"y": 13,
						"z": 13
					},
					"position_uncertainty": {
						"x": 0.008729833462425042,
						"y": 0.008729833462425042,
						"z": 0.03328978382980633
					},
					"primary_sensor": "122312000251",
					"update_ts": 1701174658528965,
					"uuid": "my-uuid-13",
					"velocity": {
						"x": 13,
						"y": 13,
						"z": 13
					},
					"velocity_uncertainty": {
						"x": 0.7745966704355296,
						"y": 0.7745966704355296,
						"z": 0.8143665789886132
					}
				},
				{
					"classification": "PERSON",
					"classification_confidence": 0.944233238697052,
					"creation_ts": 1701174621516041,
					"dimensions": {
						"height": 0.34089624881744387,
						"length": 0.575372576713562,
						"width": 0.3817119598388672
					},
					"distance_to_primary_sensor": 3.2963480949401857,
					"frame_count": 444,
					"heading": 14,
					"id": 14,
					"initial_position": {
						"x": 14,
						"y": 14,
						"z": 14
					},
					"num_failed_returns": 0,
					"num_points": 57,
					"num_points_from_primary_sensor": 41,
					"orientation": {
						"qw": 14,
						"qx": 14,
						"qy": 14,
						"qz": 14
					},
					"position": {
						"x": 14,
						"y": 14,
						"z": 14
					},
					"position_uncertainty": {
						"x": 0.008729833462425042,
						"y": 0.008729833462425042,
						"z": 0.03328978382980633
					},
					"primary_sensor": "122312000251",
					"update_ts": 1701174658528965,
					"uuid": "my-uuid-14",
					"velocity": {
						"x": 14,
						"y": 14,
						"z": 14
					},
					"velocity_uncertainty": {
						"x": 0.7745966704355296,
						"y": 0.7745966704355296,
						"z": 0.8143665789886132
					}
				}
			],
			"timestamp": 1
		},
		{
			"frame_count": 998813,
			"objects": [
				{
					"classification": "PERSON",
					"classification_confidence": 0.944233238697052,
					"creation_ts": 1701174621516041,
					"dimensions": {
						"height": 0.34089624881744387,
						"length": 0.575372576713562,
						"width": 0.3817119598388672
					},
					"distance_to_primary_sensor": 3.2963480949401857,
					"frame_count": 341,
					"heading": 21,
					"id": 21,
					"initial_position": {
						"x": 21,
						"y": 21,
						"z": 21
					},
					"num_failed_returns": 0,
					"num_points": 21,
					"num_points_from_primary_sensor": 41,
					"orientation": {
						"qw": 21,
						"qx": 21,
						"qy": 21,
						"qz": 21
					},
					"position": {
						"x": 21,
						"y": 21,
						"z": 21
					},
					"position_uncertainty": {
						"x": 0.008729833462425042,
						"y": 0.008729833462425042,
						"z": 0.03328978382980633
					},
					"primary_sensor": "122312000251",
					"update_ts": 1701174658528965,
					"uuid": "my-uuid-21",
					"velocity": {
						"x": 21,
						"y": 21,
						"z": 21
					},
					"velocity_uncertainty": {
						"x": 0.7745966704355296,
						"y": 0.7745966704355296,
						"z": 0.8143665789886132
					}
				},
				{
					"classification": "PERSON",
					"classification_confidence": 0.944233238697052,
					"creation_ts": 1701174621516041,
					"dimensions": {
						"height": 0.34089624881744387,
						"length": 0.575372576713562,
						"width": 0.3817119598388672
					},
					"distance_to_primary_sensor": 3.2963480949401857,
					"frame_count": 22,
					"heading": -37.560306549072269,
					"id": 22,
					"initial_position": {
						"x": 22,
						"y": 22,
						"z": 22
					},
					"num_failed_returns": 0,
					"num_points": 57,
					"num_points_from_primary_sensor": 41,
					"orientation": {
						"qw": 22,
						"qx": 22,
						"qy": 22,
						"qz": 22
					},
					"position": {
						"x": 22,
						"y": 22,
						"z": 22
					},
					"position_uncertainty": {
						"x": 0.008729833462425042,
						"y": 0.008729833462425042,
						"z": 0.03328978382980633
					},
					"primary_sensor": "122312000251",
					"update_ts": 1701174658528965,
					"uuid": "my-uuid-22",
					"velocity": {
						"x": 22,
						"y": 22,
						"z": 22
					},
					"velocity_uncertainty": {
						"x": 0.7745966704355296,
						"y": 0.7745966704355296,
						"z": 0.8143665789886132
					}
				},
				{
					"classification": "PERSON",
					"classification_confidence": 0.944233238697052,
					"creation_ts": 1701174621516041,
					"dimensions": {
						"height": 0.34089624881744387,
						"length": 0.575372576713562,
						"width": 0.3817119598388672
					},
					"distance_to_primary_sensor": 3.2963480949401857,
					"frame_count": 23,
					"heading": -37.560306549072269,
					"id": 23,
					"initial_position": {
						"x": 23,
						"y": 23,
						"z": 23
					},