{
	"object_list": [
		{
			"frame_count": 998813,
			"objects": [
				{
					"classification": "PERSON",
					"classification_confidence": 0.944233238697052,
					"creation_ts": 1701174621516041,
					"dimensions": {
						"height": 0.34089624881744387,
						"length": 0.575372576713562,
						"width": 0.3817119598388672
					},
					"distance_to_primary_sensor": 3.2963480949401857,
					"frame_count": 343,
					"heading": -37.560306549072269,
					"id": 13484,
					"initial_position": {
						"x": -3.0818581581115724,
						"y": -1.2478020191192628,
						"z": -0.5801494717597961
					},
					"num_failed_returns": 0,
					"num_points": 57,
					"num_points_from_primary_sensor": 41,
					"orientation": {
						"qw": 0.9467608332633972,
						"qx": 0.0,
						"qy": 0.0,
						"qz": -0.3219376504421234
					},
					"position": {
						"x": -3.018977403640747,
						"y": -1.282448649406433,
						"z": -0.5741612315177918
					},
					"position_uncertainty": {
						"x": 0.008729833462425042,
						"y": 0.008729833462425042,
						"z": 0.03328978382980633
					},
					"primary_sensor": "122312000251",
					"update_ts": 1701174658528965,
					"uuid": "077e5c42-c121-4c38-893a-3e035960445d",
					"velocity": {
						"x": 0.010820798191984969,
						"y": 0.00841168878099952,
						"z": 0.0008085310639889887
					},
					"velocity_uncertainty": {
						"x": 0.7745966704355296,
						"y": 0.7745966704355296,
						"z": 0.8143665789886132
					}
				}
			],
			"timestamp": 1701174658528965
		}
	]
}